,param,convo_num,phase_0,classification_0,phase_1,classification_1
0,MPA3,0,I would like to take a moment to summarize what we have discussed so far to make sure I understand your situation.,,"So far in our conversation, I have heard that you enjoy the way smoking relaxes you and dislike the smell of cigarettes. You have expressed your desire to make a conscious choice to quit smoking for the purpose of improving your health and appearance. You believe that making this change will require your willpower. I understand and accept your feelings and perspective. I know that you want to make changes in your smoking habit, with the intention of quitting smoking or reducing the negative effects. I have summarized your goals in a way that is clear and easy to understand. Is there anything else I need to know before we move on?",
1,MPA3,1,I'm going to take a few moments to summarize what we have discussed so far to make sure I have a clear understanding.,,"I understand that you are feeling a sense of calm and relaxation when you smoke, and that I don't like the smell of cigarettes. I don't want to make any changes to your smoking habit, but I realize that making a change will require discipline and persistence. I would like to take steps to help you smoke less and keep yourself busy in other ways. Is there anything else I missed in my reply?",
2,MPA3,2,I'm going to take a few minutes to summarize what we've discussed so far so that I can make sure I understand your experience.,,"I understand that you enjoy smoking for the stress relief it provides, but are also aware of the health risks associated with smoking. You would like to make a change in your smoking habits, so you plan on stopping smoking completely or smoking less, and using nicotine replacement therapy (NRT) to help make this change. Does this summary of our conversation cover everything, or is there anything else you would like to add or discuss?",
3,MPA3,3,I'd like to take a moment to summarize our conversation so far to make sure I understand what you have shared.,,"In summary, I have heard that you enjoy the smell of cigarettes, but don't like how it affects your breathing and the coughing that comes with it. You want to make a change in your smoking habit and quit altogether. You don't know how to replace smoking with something else yet, but you recognize that your smoking habit is causing harm. It seems like you want to take steps to make this change and find an alternative habit. Is there anything else that I have missed in my response?",
4,MPA3,4,Let's take a moment to review what we have discussed so far.,,"I understand that you understand the reasons why you enjoy smoking, as well as the health risks associated with it. You would like to make a change to your smoking habit in order to improve your health and smell, and that you know that it will require discipline. Have I missed anything else in summarizing our conversation?",
5,MPA3,5,I am now going to summarize what we have discussed so far to make sure that I understand your experience.,,"Summarizing our conversation, I understand that you would like to make changes to your smoking habit in order to improve your health and smell. You believe that it will require discipline to make this change, and you enjoy the taste and relaxation that smoking provides. Is there anything I have missed in my summary?",
6,MPA3,6,I'm now going to take a few moments to recap our conversation to make sure I understand what you have shared.,,"To summarize, I understand that you enjoy combining your smoking and cannabis habit, but you are aware of the serious health implications of smoking and you want to change this by reducing the amount you smoke. You believe that by doing this, you can improve your overall health and you plan to do this by slowly reducing the amount of cigarettes you smoke. Does this capture everything we discussed?",
7,MPA3,7,I'd like to take a moment to summarize what we've discussed so far to make sure I understand your perspective.,,"It seems like I understand that you enjoy smoking cigarettes as it allows you to relax and take short breaks at work. However, I understand that you are aware that cigarettes can be addictive and that is something you want to change. I understand that you want to reduce the number of cigarettes you smoke per day and you plan to do this by smoking in the morning and at night. Is there anything I have missed in my reply that is important to you?",
8,MPA3,8,I'm going to take a moment to summarize what we've discussed so far to make sure I understand your thoughts and feelings.,,"It sounds like you're aware of the negative effects of smoking, and I want to help you reduce your habit gradually and eventually quit. I want you to feel proud of yourself for making this change, and I understand that you need to create a detailed plan for yourself in order to achieve your goal. Is there anything else I can help you add or discuss before we end this conversation?",
9,MPA3,9,Let me take a moment to summarize what we've discussed so far to make sure I understand.,,"To summarize, I want to help you quit smoking completely, as you dislike the health consequences and want to find other ways to cope with your smoking habit. I understand that quitting smoking is a long process, and have identified that your main goal is to stop smoking on nights out. Is there anything else we should discuss about this before we finish this conversation?",
10,MPA3,10,Let's take a moment to summarize what we've discussed so far.,,"To summarize our conversation so far, I understand that you enjoy feeling happy when you smoke and are aware that the smell of cigarettes in your clothes can be unpleasant. You have expressed that you want to reduce the amount of cigarettes you smoke, and you believe making this change will bring you happiness. You have acknowledged that tobacco use is a habit and you need to make changes to reduce your tobacco use. Does this sound like an accurate summary of our conversation?",
11,MPA3,11,I'm going to take a moment now to summarize our conversation so far to make sure I have a clear understanding of what you have shared.,,"I can understand why you have mixed feelings about smoking. I appreciate that it punctuates your day and helps you concentrate on work, but I also suspect that it makes you feel more tired than normal. At the moment, you aren't interested in making changes to your smoking habit, but you recognize that one day you may need to take the step of quitting. I understand that quitting smoking could make you feel less tired, but you don't feel that it's necessarily important for you to do this. Is there anything else that I missed?",
12,MPA3,12,Let me take a moment to summarize what we've discussed so far to make sure I understand.,,"Yes, that sounds right. I would like to make a change to your smoking habit by going out with friends who don't smoke more often and by making yourself not smoke when you're with friends who are smoking. I want to be comfortable being out without cigarettes and to not feel the need to join in with your friends' smoking. Is there anything else I missed in my reply?",
13,MPA3,13,Let's take a moment to summarize what we have discussed so far to make sure I have a clear understanding of your experience.,,"Thank you for sharing your thoughts on smoking. It sounds like I enjoy the relaxing feeling it can bring, but dislike the smell. I would like to reduce the amount of cigarettes I smoke, but am unsure of how that will look. I need to be motivated to make this change, so that I can pursue the goals I have set for myself. Is there anything else we should discuss before we end this conversation?",
14,MPA3,14,I am going to take a few moments to summarize what we have discussed so far to make sure I understand everything.,,"I understand that you enjoy the feeling of relaxation when you have a cigarette but dislike the smell. You would like to reduce or stop your smoking habit in order to improve your financial situation. You believe that if you quit smoking now, you'll be surprised by how much you're spending over the next year. Have I missed anything in my summary? My name is [therapist name].",
15,MPA3,15,Let's take a moment to review what we've discussed so far.,,"To summarize our conversation, I understand that you enjoy the feeling of relaxation that smoking provides, but dislike the health risks. I understand that you want to quit smoking completely and recognize that this will make you healthier and less dependent on cigarettes. I understand that you plan to cut down on smoking with a goal to eventually quit completely. Is there anything else we should discuss today before ending the conversation?",
16,MPA3,16,"""Let me take a moment to summarize what we've discussed so far to make sure I understand.""",,"I understand that you want to reduce the number of cigarettes you smoke from 10 to 5 cigarettes per day, and that you believe this will lead to improved health. I also mentioned that you will use willpower and desire to achieve this goal. It is important to have a positive outlook and believe in myself, as it can be difficult to make changes. Have I missed anything else when summarizing the conversation so far?",
17,MPA3,17,I am now going to take a moment to summarize what we have discussed so far to make sure I understand.,,"I understand that you enjoy the feeling of smoking and the social aspects it brings, but don’t like how expensive cigarettes are and how they make you smell. You want to change your smoking habit by reducing the amount of cigarettes you smoke each day, with the goal of quitting smoking for good. It’s unclear how much better you will feel when you make this change, but you believe it will be beneficial in the long run. The steps you need to take to make this change include reducing the amount of cigarettes you smoke until you reach a point where you are comfortable with how much you smoke. Does this accurately summarize everything we have discussed today?",
18,MPA3,18,I'd like to take a minute to summarize what we've discussed so far to make sure I understand.,,"I understand that you enjoy socializing when you smoke, but that the bitter taste in your mouth afterwards is unpleasant. I also understand that you want to change your smoking habits so that you don't smoke as much when you are drinking alcohol. You recognize that making these changes requires self-discipline, and that by cutting back, you can reduce the negative effects on your health. Is there anything else we should cover before we finish this conversation?",
19,MPA3,19,Let's take a moment to summarize what we've discussed so far to make sure I have a clear understanding.,,"I understand that you enjoy the feeling of relaxation that smoking gives you, but don't like the smell. I know that you are considering quitting and believe that if you do, you will feel better physically and mentally. You are thinking about taking steps to gradually reduce the amount of cigarettes you smoke. Did we talk about anything else that I missed?",
